Age,Gender,OwnHome,Married,Location,History,Children,Income,Catalogs,AmountSpent
Old,Female,Own,Single,Far,High,0,47500,6,75.5
Middle,Male,Rent,Single,Close,High,0,63600,6,131.8
Young,Female,Rent,Single,Close,Low,0,13500,18,29.6
Middle,Male,Own,Married,Close,High,1,85600,18,243.6
Middle,Female,Own,Single,Close,High,0,68400,12,130.4
Young,Male,Own,Married,Close,Low,0,30400,6,49.5
Middle,Female,Rent,Single,Close,Medium,0,48100,12,78.2
Middle,Male,Own,Single,Close,High,0,68400,18,115.5
Middle,Female,Own,Married,Close,Low,3,51900,6,15.8
Old,Male,Own,Married,Far,NA,0,80700,18,303.4
Young,Male,Rent,Married,Close,NA,1,43700,12,92.7
Middle,Male,Own,Married,Far,High,3,111800,18,206.5
Middle,Female,Own,Married,Close,Medium,1,44100,24,70.4
Middle,Male,Own,Married,Close,High,0,111400,12,213.6
Old,Female,Own,Married,Far,High,0,110000,24,556.4
Middle,Female,Own,Married,Far,NA,1,83100,12,276.6
Old,Female,Own,Married,Close,High,0,82800,24,301
Middle,Male,Own,Married,Close,High,0,90100,18,195.6
Middle,Male,Rent,Single,Close,Low,1,38600,18,54.2
Old,Female,Rent,Single,Far,Low,0,14000,12,41
Young,Female,Rent,Single,Far,Low,2,14300,6,19.4
Young,Male,Rent,Married,Close,Medium,0,49800,12,82.7
Old,Female,Rent,Married,Far,High,0,60200,18,232.8
Young,Male,Rent,Married,Far,Medium,1,43500,12,80.8
Young,Female,Rent,Married,Close,NA,1,41700,6,52.1
Middle,Female,Own,Married,Close,Low,3,92300,18,65.5
Middle,Male,Own,Single,Close,NA,3,62800,6,70.7
Middle,Female,Rent,Married,Far,High,0,72900,18,207.5
Middle,Female,Rent,Married,Close,Medium,2,66900,12,76.9
Young,Male,Rent,Single,Close,NA,1,21700,18,77.4
Old,Female,Rent,Married,Close,Medium,0,39700,12,57.3
Middle,Male,Rent,Married,Far,High,1,72200,12,208.2
Middle,Female,Rent,Married,Close,NA,3,87700,24,244.6
Middle,Male,Own,Married,Close,High,0,104100,24,263.6
Middle,Male,Rent,Single,Far,High,0,67700,12,222.6
Middle,Female,Own,Single,Close,Low,2,27000,6,18.3
Middle,Female,Own,Single,Far,High,2,64100,24,159.5
Middle,Male,Rent,Single,Close,Medium,1,47000,12,58.4
Old,Female,Own,Married,Close,NA,0,41600,18,98.2
Old,Female,Rent,Single,Close,Low,0,20100,24,57.6
Middle,Male,Own,Single,Close,Low,3,64000,12,41
Middle,Female,Own,Married,Far,NA,3,96800,24,308.2
Middle,Male,Rent,Married,Close,NA,1,76200,24,243.7
Old,Female,Rent,Married,Far,High,0,81500,18,365.5
Middle,Female,Own,Single,Close,Medium,1,49600,12,84.4
Old,Female,Own,Married,Close,High,0,111500,18,251
Middle,Male,Own,Married,Close,NA,0,77700,6,98.3
Young,Male,Own,Married,Close,NA,0,58900,18,121.5
Middle,Male,Own,Married,Close,High,2,126500,18,200
Middle,Female,Own,Married,Close,High,1,83300,24,257.4
Middle,Female,Own,Married,Close,High,1,90500,6,111.6
Middle,Female,Own,Married,Far,High,0,87200,18,360.4
Middle,Female,Own,Married,Close,NA,1,105300,24,336
Middle,Female,Own,Single,Far,Medium,3,56000,6,53
Middle,Female,Rent,Single,Close,Medium,0,46600,24,90.6
Old,Male,Rent,Married,Close,High,0,69800,24,276.4
Middle,Male,Own,Single,Close,High,0,60300,24,126.3
Young,Male,Rent,Married,Close,High,0,67800,12,108.4
Middle,Male,Rent,Single,Close,Medium,0,42300,24,105.1
Young,Female,Own,Married,Far,NA,0,33700,6,61.4
Middle,Male,Own,Single,Close,Medium,2,62700,12,70.4
Young,Female,Own,Single,Close,NA,2,25900,12,44.9
Young,Female,Own,Single,Close,Low,1,15600,6,13.6
Old,Female,Own,Single,Close,Low,0,14600,24,46.8
Old,Female,Own,Married,Close,High,0,62600,6,56.5
Young,Male,Rent,Married,Close,NA,0,66700,18,131
Middle,Male,Own,Married,Far,NA,0,72500,24,259.5
Young,Female,Rent,Single,Far,NA,0,13200,24,35.8
Middle,Female,Own,Single,Close,Medium,0,51300,24,142.4
Middle,Male,Own,Single,Far,High,0,72300,24,418.2
Young,Female,Rent,Single,Close,NA,0,15600,12,46.8
Middle,Female,Own,Married,Far,High,1,90400,18,292.4
Middle,Male,Own,Single,Far,NA,0,71500,6,96.4
Young,Male,Rent,Single,Close,NA,0,14400,24,61.5
Young,Male,Rent,Single,Close,Low,3,15000,6,3.8
Middle,Male,Own,Single,Close,NA,1,57600,6,100.6
Young,Female,Rent,Married,Close,Low,3,60600,12,30.7
Middle,Male,Own,Married,Far,High,2,84300,18,164.8
Young,Female,Own,Single,Close,Low,1,24400,6,22
Young,Female,Rent,Single,Close,Low,2,22100,18,28
Middle,Male,Rent,Married,Far,NA,2,48800,12,164.7
Middle,Female,Own,Married,Close,Medium,1,74700,6,70.4
Young,Female,Rent,Single,Far,Medium,1,32400,24,92
Old,Female,Own,Single,Close,NA,0,11400,6,25.8
Middle,Male,Own,Married,Close,NA,0,127000,12,182.1
Middle,Male,Rent,Single,Close,Medium,0,47200,18,158.7
Middle,Female,Own,Single,Close,Low,2,48700,12,52.8
Young,Male,Rent,Single,Far,Medium,0,20400,18,86.7
Middle,Male,Rent,Single,Close,NA,0,39000,6,64.3
Young,Female,Rent,Single,Close,Low,1,12900,6,10.7
Middle,Female,Rent,Married,Far,High,1,67300,18,151.3
Old,Male,Own,Married,Close,High,0,134500,24,455.8
Old,Male,Own,Married,Close,High,0,75500,6,74.1
Old,Female,Own,Married,Far,Medium,2,33600,12,80.5
Young,Female,Rent,Single,Close,NA,1,16300,12,47
Young,Male,Rent,Married,Close,Low,1,27400,6,27.8
Middle,Female,Own,Married,Close,Low,3,110400,24,109.3
Young,Female,Rent,Single,Far,Low,1,21100,6,47
Middle,Male,Own,Married,Close,High,0,81200,24,185.6
Middle,Male,Rent,Married,Far,High,2,87100,18,168.8
Young,Female,Rent,Single,Far,NA,3,21700,24,70.8
Middle,Female,Rent,Single,Close,NA,0,42200,18,175.3
Middle,Male,Rent,Single,Far,High,0,59000,24,304.4
Middle,Female,Own,Single,Close,Low,2,52700,18,85.5
Young,Male,Own,Single,Close,Low,0,20900,24,55
Middle,Male,Own,Married,Far,High,3,90700,24,226.5
Old,Female,Own,Married,Far,NA,0,91800,24,245.2
Young,Female,Own,Single,Far,Medium,0,27900,18,118.4
Old,Female,Own,Married,Close,High,0,70700,24,215
Middle,Male,Own,Married,Close,NA,2,79600,6,157.5
Middle,Male,Rent,Married,Close,High,1,96400,24,182.2
Middle,Female,Own,Single,Close,NA,2,46600,18,115.3
Old,Male,Own,Married,Close,High,0,106600,12,187.7
Middle,Female,Rent,Married,Close,Low,3,104900,6,45
Old,Male,Rent,Single,Close,Medium,0,56300,6,87.3
Young,Female,Rent,Single,Close,Low,1,14800,6,20.9
Old,Male,Own,Married,Close,Medium,0,58300,24,147.2
Middle,Male,Own,Single,Far,High,0,70200,12,170.2
Old,Male,Own,Married,Far,High,0,59700,18,185.7
Young,Male,Rent,Single,Close,NA,0,25800,6,45.1
Young,Female,Rent,Single,Close,Low,0,12000,24,34.4
Middle,Male,Rent,Single,Far,High,0,51900,18,149.2
Middle,Female,Own,Single,Far,NA,3,66800,24,209.8
Middle,Male,Own,Married,Close,NA,1,105300,18,350.5
Young,Female,Rent,Single,Far,Low,3,13800,6,12.7
Young,Male,Rent,Single,Close,NA,3,14800,12,43.6
Middle,Female,Own,Married,Far,High,0,44200,24,252.4
Young,Male,Rent,Single,Close,NA,0,10400,18,18.9
Middle,Female,Own,Single,Close,Medium,0,35200,12,60.7
Young,Female,Rent,Single,Far,NA,0,16100,6,20.2
Middle,Male,Own,Married,Close,Medium,2,113000,18,155.4
Middle,Male,Own,Married,Close,NA,2,63300,6,63.3
Young,Male,Rent,Single,Close,NA,0,19100,6,17.6
Middle,Female,Own,Married,Close,NA,2,93400,24,307.9
Old,Female,Rent,Married,Far,High,0,52500,24,203.8
Middle,Female,Rent,Married,Far,Medium,3,45400,24,120.3
Young,Female,Own,Single,Far,NA,3,21400,6,32.6
Middle,Female,Own,Single,Close,Low,3,53700,12,23.5
Young,Female,Own,Married,Far,High,0,68000,24,368.8
Young,Male,Rent,Single,Close,NA,0,17400,12,33.2
Young,Female,Rent,Single,Close,Low,1,14600,6,14.3
Old,Female,Own,Married,Far,High,0,100100,12,310.4
Middle,Male,Own,Married,Far,High,1,103700,24,233.9
Young,Female,Rent,Single,Far,Low,3,10800,6,12.3
Middle,Female,Own,Married,Close,Low,3,81700,24,87.9
Old,Female,Rent,Single,Close,Low,0,21400,18,49.8
Old,Female,Own,Married,Close,High,0,114800,18,359.6
Old,Female,Own,Married,Far,High,0,67900,24,292.5
Middle,Male,Own,Married,Close,NA,1,53700,12,108.1
Young,Female,Rent,Single,Far,NA,3,11400,12,31.2
Young,Male,Rent,Married,Close,NA,3,34300,12,129.7
Young,Female,Rent,Single,Close,Low,1,16400,12,21.8
Middle,Female,Own,Married,Far,High,0,109800,18,427.9
Middle,Male,Own,Single,Close,High,0,64200,18,164.2
Young,Male,Rent,Single,Close,NA,0,17000,18,58.1
Middle,Female,Rent,Single,Close,Low,3,41400,6,22.3
Middle,Female,Own,Single,Close,Low,2,49100,6,47.4
Old,Female,Own,Single,Far,High,0,42600,24,179
Young,Female,Rent,Single,Close,Low,1,11900,6,14.3
Middle,Male,Own,Married,Far,High,2,113600,18,323.7
Middle,Male,Own,Single,Close,NA,1,52900,24,231.6
Young,Female,Rent,Single,Close,NA,1,14300,18,45.8
Young,Male,Rent,Single,Close,Low,0,21000,24,64.6
Middle,Male,Own,Single,Far,Medium,2,59600,18,121.7
Middle,Female,Rent,Single,Close,Low,3,39700,12,23.8
Old,Male,Own,Married,Close,Medium,0,51200,12,129.3
Middle,Female,Own,Married,Close,NA,0,88200,24,274.9
Middle,Male,Own,Married,Far,High,0,122100,12,240.8
Old,Female,Rent,Married,Close,High,0,84800,18,262.4
Middle,Male,Own,Married,Far,High,0,140000,12,489.4
Old,Female,Own,Single,Close,Low,0,28500,24,62.1
Middle,Male,Rent,Single,Close,High,0,60300,6,70.1
Young,Female,Rent,Married,Far,NA,0,51900,6,78
Middle,Male,Own,Single,Close,Medium,0,60200,12,136.5
Middle,Male,Own,Married,Far,High,0,81200,12,269.3
Old,Male,Own,Married,Close,High,0,73100,6,158.2
Old,Male,Own,Single,Close,Medium,0,45700,18,72.4
Old,Female,Rent,Single,Close,Low,0,28900,12,83
Young,Female,Rent,Married,Close,NA,0,60100,18,159.4
Middle,Female,Own,Married,Close,NA,1,84800,12,182.6
Old,Female,Own,Married,Close,Medium,0,35000,6,47.3
Young,Female,Rent,Married,Close,NA,0,61700,12,116.1
Old,Female,Rent,Married,Close,Medium,0,46900,6,70.3
Middle,Female,Own,Married,Close,NA,1,123600,12,189.2
Young,Male,Rent,Married,Close,Medium,0,45800,6,48.9
Middle,Male,Own,Married,Far,High,1,77800,18,181.3
Middle,Female,Own,Single,Close,NA,1,48700,12,145.7
Middle,Female,Rent,Single,Far,Low,3,39000,6,29.2
Young,Female,Rent,Married,Close,NA,0,40000,6,61.3
Middle,Female,Rent,Married,Close,NA,1,118300,18,268.1
Young,Female,Own,Single,Close,Low,2,27100,24,43.7
Middle,Female,Rent,Married,Close,Medium,2,91000,6,70.8
Middle,Female,Own,Married,Close,Medium,0,35300,24,109.3
Young,Female,Rent,Single,Far,Low,2,10200,18,21.3
Young,Female,Rent,Single,Close,Low,1,12500,6,20.2
Old,Female,Own,Single,Close,NA,0,64600,6,129.8
Middle,Male,Own,Married,Far,NA,0,113800,12,327.3
Middle,Male,Own,Married,Far,High,3,113400,18,179
Young,Female,Rent,Single,Close,Low,1,16900,6,24.7
Young,Female,Rent,Single,Close,Low,1,13600,6,18.3
Middle,Male,Own,Married,Far,High,1,100100,24,349.1
Old,Female,Own,Married,Far,High,0,80000,6,198.5
Middle,Male,Own,Married,Close,High,0,83900,24,172.1
Middle,Male,Own,Married,Close,High,0,77000,12,210.4
Middle,Female,Rent,Married,Close,Low,3,72900,6,25.2
Young,Male,Rent,Married,Close,Low,3,80700,6,20.2
Young,Female,Rent,Married,Close,Medium,1,40900,18,96.2
Young,Female,Rent,Single,Close,NA,1,26700,12,45.9
Middle,Male,Own,Married,Close,Medium,0,54700,18,84.8
Old,Female,Rent,Married,Close,Low,1,23600,6,16.1
Middle,Male,Rent,Single,Far,High,0,56900,24,185.7
Middle,Male,Own,Single,Far,NA,1,68700,24,169.9
Young,Female,Rent,Single,Close,Low,1,19300,24,30.8
Young,Male,Rent,Married,Far,Low,1,20200,24,50
Middle,Female,Rent,Married,Far,Medium,3,61500,24,116.2
Middle,Female,Own,Married,Far,NA,1,101700,24,255.1
Middle,Female,Rent,Married,Far,High,1,120800,24,583
Young,Female,Rent,Single,Far,Low,1,17300,18,38.1
Young,Female,Rent,Married,Close,NA,0,42300,6,85.6
Middle,Male,Rent,Single,Close,Medium,0,53300,18,172
Middle,Female,Rent,Single,Close,Medium,0,42800,12,75.9
Middle,Male,Own,Married,Close,High,0,98400,18,330.5
Middle,Female,Own,Single,Close,Medium,0,51200,18,125.7
Old,Male,Own,Single,Close,NA,0,62200,12,158.3
Middle,Male,Own,Married,Close,Low,3,109200,24,110.2
Young,Female,Rent,Single,Close,NA,2,11400,6,18.6
Young,Female,Rent,Single,Close,Low,0,14000,12,22.9
Old,Female,Rent,Married,Close,NA,0,97000,24,259.9
Young,Female,Own,Single,Far,NA,3,29600,12,77.4
Old,Male,Own,Married,Close,Medium,1,71200,12,63.8
Old,Female,Rent,Single,Far,Low,0,15000,12,37.8
Middle,Male,Rent,Married,Far,NA,1,64000,6,155.2
Old,Male,Own,Married,Far,Medium,0,33000,12,97.9
Old,Female,Own,Married,Close,High,0,74400,18,247.9
Young,Male,Rent,Single,Far,Low,2,20300,24,45
Middle,Male,Rent,Married,Close,High,0,68700,24,276.3
Young,Male,Rent,Married,Far,Medium,3,53600,24,156
Old,Female,Own,Single,Close,Medium,0,33200,24,103.7
Young,Female,Own,Married,Far,NA,0,70900,6,69
Young,Female,Rent,Single,Close,NA,3,23200,24,77
Young,Male,Own,Single,Close,Medium,0,41400,18,64.3
Young,Female,Rent,Married,Close,High,0,63200,24,151.2
Old,Male,Own,Married,Close,High,0,107400,12,148.5
Young,Male,Rent,Single,Far,NA,0,13900,24,57
Middle,Female,Rent,Married,Close,Medium,1,79900,18,116.5
Middle,Male,Own,Married,Far,High,3,120000,18,192.6
Old,Male,Rent,Married,Far,NA,0,66300,18,224.3
Middle,Female,Own,Single,Close,Low,3,54400,18,34.2
Middle,Male,Own,Married,Close,High,0,84200,24,165.4
Young,Female,Rent,Married,Close,Low,0,13800,18,36.3
Young,Female,Rent,Single,Far,Low,1,14500,6,22.2
Young,Male,Rent,Single,Close,Low,0,21300,24,67.7
Old,Male,Rent,Single,Close,Low,0,29000,6,48.2
Old,Female,Rent,Single,Close,Low,1,14600,24,38.5
Old,Male,Own,Single,Close,High,0,65300,18,144.3
Middle,Female,Own,Married,Close,High,1,100800,24,178.9
Young,Female,Rent,Single,Far,Low,1,19800,24,99.1
Middle,Male,Own,Single,Close,Low,2,56700,18,53.6
Old,Male,Rent,Married,Close,High,0,90200,18,218.3
Young,Male,Rent,Single,Close,NA,1,26100,6,49.4
Young,Female,Rent,Single,Close,Low,0,15900,18,50.3
Young,Female,Rent,Single,Close,Low,3,12700,12,8.7
Middle,Male,Rent,Single,Close,NA,0,43200,24,91.7
Middle,Female,Rent,Married,Close,NA,1,114100,24,197.6
Middle,Male,Own,Married,Close,Low,3,96100,12,31.6
Middle,Male,Own,Married,Close,NA,0,97200,12,163.4
Middle,Male,Own,Married,Far,High,2,82400,24,203.5
Old,Male,Own,Single,Far,High,0,62000,24,329.3
Young,Female,Rent,Single,Close,Low,1,13400,12,14.3
Middle,Male,Own,Married,Close,Low,3,108200,12,63.5
Young,Female,Own,Married,Close,High,0,76200,12,97.9
Middle,Male,Rent,Married,Close,High,1,81800,18,183.8
Young,Female,Rent,Single,Far,Low,0,12000,6,26.4
Middle,Male,Own,Married,Close,NA,0,76100,6,71.9
Middle,Male,Own,Married,Close,High,1,82100,18,130.8
Old,Female,Own,Married,Close,High,0,103300,24,337.8
Young,Male,Rent,Single,Close,NA,1,14200,24,40
Middle,Female,Own,Single,Far,High,0,47500,6,84.7
Young,Female,Rent,Single,Close,Low,1,31300,6,35.7
Young,Female,Rent,Married,Far,NA,1,32700,18,127.6
Middle,Male,Own,Married,Close,High,0,72200,24,249.2
Middle,Female,Own,Married,Close,Medium,2,107600,12,151.2
Middle,Male,Own,Married,Close,Medium,2,109900,12,87
Middle,Female,Own,Married,Close,Medium,2,65400,24,93.8
Old,Female,Own,Single,Close,NA,0,43300,12,158.4
Old,Female,Own,Single,Close,Medium,0,51900,12,114.8
Middle,Female,Own,Married,Far,High,0,80600,24,284
Middle,Female,Rent,Single,Close,Medium,0,42700,12,82.7
Young,Male,Rent,Single,Far,NA,0,19000,12,42.8
Young,Female,Rent,Single,Close,Low,1,14500,6,18.3
Middle,Female,Own,Married,Close,NA,1,68200,6,81.8
Young,Male,Rent,Married,Close,Medium,0,36700,12,73.1
Old,Male,Own,Married,Far,High,0,54600,24,216.3
Middle,Male,Own,Married,Close,Medium,1,65900,12,108.1
Young,Male,Own,Single,Far,NA,0,39600,12,108.5
Young,Male,Rent,Married,Far,NA,3,67300,6,121.2
Middle,Male,Own,Single,Close,NA,1,59700,18,142.2
Middle,Female,Own,Married,Far,High,2,102800,18,223.8
Middle,Female,Rent,Single,Close,NA,0,34700,18,161.5
Middle,Male,Own,Single,Close,NA,3,50600,6,71.3
Middle,Male,Rent,Married,Close,Medium,2,106700,6,60.7
Middle,Male,Rent,Single,Close,Medium,1,53900,6,73.5
Young,Female,Rent,Married,Close,Low,2,25500,6,13.9
Young,Male,Rent,Married,Far,Medium,1,46300,18,135.7
Old,Male,Own,Married,Close,Medium,0,55500,18,85.8
Young,Female,Own,Single,Close,NA,3,27800,12,40.8
Middle,Male,Own,Married,Close,NA,1,118600,12,155.3
Middle,Female,Own,Married,Close,NA,3,130700,6,207
Old,Male,Rent,Single,Close,Medium,0,42800,12,92.2
Middle,Female,Own,Married,Far,High,1,118300,12,250.2
Young,Female,Rent,Single,Far,NA,2,25600,18,42.6
Middle,Male,Rent,Married,Close,NA,2,63500,24,232.1
Old,Female,Own,Single,Close,Medium,0,30900,18,86.2
Middle,Male,Own,Single,Close,NA,1,55900,24,255.5
Middle,Male,Own,Single,Far,NA,0,53900,12,118.6
Old,Male,Own,Married,Close,High,0,84300,24,284.2
Old,Male,Own,Single,Close,Medium,1,53400,12,88.6
Middle,Male,Own,Married,Close,High,1,96900,12,142
Middle,Male,Rent,Single,Far,NA,1,55800,6,82.1
Young,Female,Rent,Married,Close,Low,1,25900,6,24.2
Young,Female,Rent,Single,Close,Low,1,22000,12,47.2
Middle,Female,Rent,Married,Close,Medium,2,96700,12,123.1
Middle,Female,Rent,Single,Close,NA,1,40200,12,88.1
Old,Male,Own,Married,Close,Low,0,26800,12,43.5
Young,Female,Rent,Single,Close,Low,2,16700,12,10.8
Young,Female,Rent,Married,Close,Low,2,40900,18,57.6
Young,Male,Rent,Married,Far,NA,3,41500,24,131.4
Young,Male,Rent,Single,Close,NA,0,20900,6,29.6
Young,Female,Rent,Married,Close,Medium,2,69700,6,58.4
Middle,Male,Rent,Single,Close,High,0,61800,24,115.6
Middle,Male,Own,Married,Close,High,1,102500,24,246.4
Middle,Female,Own,Married,Close,NA,3,48900,18,91.5
Middle,Male,Own,Single,Close,NA,0,60300,24,209.1
Young,Male,Rent,Married,Far,High,0,41600,24,169
Middle,Male,Own,Single,Close,Medium,1,73700,12,127.4
Young,Female,Rent,Single,Close,NA,1,27000,24,101.2
Middle,Female,Rent,Single,Close,Medium,0,43700,12,95
Young,Male,Rent,Single,Close,NA,2,10200,12,33.3
Middle,Female,Own,Married,Close,Medium,2,63300,24,67.9
Young,Female,Own,Single,Far,Medium,2,33200,12,60.7
Old,Female,Own,Married,Far,High,0,78800,18,339.8
Middle,Male,Own,Married,Close,High,0,82500,6,85.9
Middle,Male,Own,Single,Far,High,2,80800,18,244.4
Middle,Male,Own,Married,Close,Medium,2,88100,24,107.8
Middle,Male,Rent,Married,Far,High,3,124800,18,253.7
Young,Male,Own,Single,Close,Medium,0,31900,6,61.6
Middle,Female,Own,Single,Close,NA,3,53300,6,50.8
Old,Male,Own,Married,Far,Low,0,15400,6,29.7
Middle,Male,Own,Married,Close,NA,0,70200,6,158.3
Young,Female,Rent,Single,Close,Low,3,23000,6,7.9
Middle,Female,Own,Married,Close,Medium,2,82400,18,65.7
Middle,Female,Own,Married,Close,High,0,97900,24,214.9
Old,Female,Rent,Married,Far,High,0,88400,18,363.2
Middle,Female,Own,Married,Close,High,0,86900,18,223
Middle,Female,Own,Single,Close,Medium,1,45100,12,44.8
Middle,Male,Rent,Single,Close,Low,3,41800,24,30.1
Old,Male,Own,Married,Close,High,0,74800,18,196.8
Middle,Female,Rent,Married,Close,Medium,1,73000,6,49
Middle,Male,Own,Married,Close,High,1,118500,24,306.3
Middle,Male,Own,Single,Close,Low,3,65300,6,19.3
Middle,Female,Rent,Married,Close,Medium,2,66300,12,54.4
Middle,Male,Own,Married,Far,High,1,103900,24,266.6
Middle,Female,Own,Married,Close,High,0,71900,18,184.6
Middle,Male,Own,Married,Far,NA,1,86100,12,125.5
Middle,Male,Own,Married,Close,High,1,96300,12,108.1
Young,Female,Rent,Single,Close,NA,3,10200,6,19.9
Middle,Male,Own,Married,Close,NA,2,96300,18,391.6
Old,Female,Own,Single,Far,Low,1,24000,6,35.7
Middle,Female,Rent,Married,Close,Medium,0,46700,24,98.3
Middle,Female,Rent,Single,Close,NA,2,53700,12,119.4
Middle,Male,Rent,Married,Close,NA,2,108300,12,222.4
Young,Female,Rent,Single,Close,Low,1,12100,6,9
Young,Male,Rent,Married,Close,NA,0,36600,6,58.7
Old,Male,Own,Married,Close,High,0,66300,12,108.8
Young,Female,Own,Single,Close,NA,1,33400,6,61.7
Middle,Male,Own,Married,Far,NA,1,70000,6,122.7
Middle,Female,Own,Single,Close,Medium,1,47900,24,66.2
Middle,Female,Rent,Married,Close,Low,2,40500,18,62.2
Old,Male,Own,Single,Close,High,0,69100,12,147.7
Young,Female,Rent,Single,Close,NA,1,13300,6,23.6
Middle,Female,Rent,Married,Far,High,1,75800,12,183
Middle,Female,Rent,Married,Close,Medium,0,48600,24,158.3
Old,Female,Own,Single,Close,Medium,0,39600,12,61
Young,Female,Rent,Single,Close,Low,0,11700,12,19.3
Young,Male,Rent,Married,Close,Medium,1,52600,12,105.2
Young,Male,Rent,Single,Close,NA,3,14600,6,30.7
Old,Male,Own,Married,Close,High,0,123000,24,367.1
Old,Female,Rent,Married,Far,High,0,64600,18,220.6
Middle,Female,Own,Single,Far,Medium,2,34600,18,74.8
Middle,Male,Own,Married,Close,High,0,74500,6,148.1
Old,Male,Own,Married,Close,NA,0,56600,24,160.7
Old,Female,Rent,Single,Close,NA,1,37000,6,63.2
Young,Female,Rent,Single,Far,Low,1,18400,6,30.3
Young,Male,Rent,Single,Close,Low,0,25000,6,26.4
Middle,Male,Own,Married,Far,High,1,61400,24,157.5
Middle,Male,Own,Married,Close,Medium,2,76400,18,88.1
Young,Male,Own,Married,Close,Medium,0,55100,18,143.9
Old,Female,Own,Married,Far,NA,0,22800,12,45.2
Old,Female,Own,Married,Close,Low,1,10100,6,9.3
Young,Male,Rent,Single,Close,Low,0,17800,18,29.2
Middle,Female,Own,Married,Close,NA,1,59100,6,142.6
Young,Female,Rent,Single,Far,Low,2,19700,6,33
Middle,Male,Own,Married,Far,High,0,73800,24,312
Middle,Male,Own,Married,Far,High,1,113300,18,515.1
Middle,Male,Own,Married,Far,NA,2,118400,12,394.1
Middle,Male,Own,Married,Close,NA,1,92300,24,214.1
Young,Male,Rent,Single,Close,NA,0,11200,6,10.6
Young,Female,Rent,Married,Far,Medium,0,30100,12,53
Middle,Female,Own,Single,Close,Medium,1,43500,12,50
Middle,Male,Own,Married,Close,High,0,97500,18,283.7
Old,Male,Own,Married,Close,Medium,0,54600,24,124.6
Middle,Male,Rent,Single,Far,NA,1,42500,6,79.8
Middle,Male,Own,Single,Close,NA,0,82800,6,154.4
Old,Male,Own,Married,Far,High,0,62300,24,264.4
Young,Male,Rent,Single,Far,NA,2,21900,6,19.2
Middle,Female,Rent,Single,Far,Low,3,35600,18,86.5
Middle,Male,Own,Married,Close,High,0,96900,6,115.9
Young,Female,Rent,Married,Close,NA,1,36900,18,148
Middle,Female,Rent,Married,Close,High,1,93500,18,142.6
Middle,Male,Own,Married,Close,NA,1,97300,12,304.8
Young,Male,Rent,Single,Close,Low,0,21900,12,27.6
Middle,Male,Rent,Single,Close,High,0,63000,24,191
Young,Female,Rent,Single,Close,NA,3,11500,6,15.7
Middle,Male,Own,Single,Close,Low,2,44600,6,23.6
Young,Female,Rent,Single,Close,NA,1,21900,12,57.6
Middle,Male,Rent,Single,Far,Medium,1,45100,12,79.4
Old,Female,Own,Married,Close,High,0,74900,12,147.4
Young,Male,Rent,Single,Close,Low,0,14200,6,25
Young,Female,Rent,Single,Far,NA,2,23200,24,78.8
Old,Male,Own,Married,Close,NA,0,73300,12,169.4
Old,Male,Own,Married,Far,High,0,41300,24,198.5
Old,Female,Own,Single,Far,Medium,0,32700,24,125.2
Old,Female,Own,Single,Close,NA,0,35200,12,82.7
Young,Female,Rent,Single,Close,NA,0,13100,18,31.4
Middle,Male,Own,Married,Close,High,1,97400,6,88
Young,Female,Rent,Single,Far,Low,2,23100,6,46.6
Middle,Male,Own,Single,Close,Low,3,49200,12,21
Middle,Male,Own,Single,Far,NA,1,45000,18,90.2
Middle,Male,Own,Married,Close,High,0,87200,18,127.4
Middle,Male,Own,Single,Close,NA,1,49900,24,163.1
Middle,Male,Own,Married,Close,High,0,66900,12,122
Middle,Female,Own,Single,Close,Medium,1,47600,12,80.1
Middle,Female,Own,Single,Close,NA,0,47900,12,109
Middle,Male,Own,Single,Close,Medium,0,59400,18,169.9
Middle,Female,Rent,Single,Close,Low,2,32700,6,27.3
Middle,Male,Rent,Single,Close,Low,1,34200,18,52.3
Middle,Male,Own,Married,Close,NA,0,96600,12,143.7
Middle,Female,Own,Married,Close,High,1,126300,6,188.8
Young,Male,Rent,Single,Close,NA,1,31600,12,47.6
Middle,Female,Own,Married,Far,High,3,108100,18,263.2
Middle,Female,Rent,Single,Close,Low,3,43300,24,32.6
Old,Female,Rent,Single,Far,Low,0,17900,6,44.6
Middle,Male,Own,Single,Far,High,1,50100,18,107.1
Old,Female,Own,Married,Close,High,0,74700,12,169.9
Old,Male,Rent,Married,Close,Medium,0,60000,6,96.6
Young,Male,Own,Single,Close,NA,0,33400,12,56.7
Middle,Female,Rent,Married,Close,NA,0,68800,6,165.8
Middle,Female,Rent,Single,Close,Low,2,25700,6,17.3
Middle,Male,Own,Married,Close,High,0,83700,24,334.4
Middle,Male,Rent,Single,Close,Medium,0,50500,12,102.9
Young,Female,Rent,Single,Close,Low,0,17300,12,34.5
Middle,Male,Own,Single,Close,NA,0,45800,6,71.2
Old,Male,Own,Married,Close,High,0,108900,12,184.1
Middle,Female,Rent,Married,Close,Low,2,60500,6,40.9
Old,Female,Own,Married,Far,High,0,84100,18,271
Young,Male,Rent,Married,Far,Medium,0,25100,12,59.2
Middle,Male,Own,Married,Close,NA,1,69900,18,210.1
Middle,Male,Own,Married,Close,NA,0,97100,12,147.3
Middle,Female,Own,Married,Close,Medium,2,72200,18,71.5
Old,Female,Own,Married,Far,High,0,78900,18,223.3
Middle,Female,Own,Single,Far,NA,3,62500,6,92.1
Young,Female,Rent,Single,Close,Low,1,17800,6,21.6
Middle,Female,Own,Married,Close,High,1,105500,6,178.1
Middle,Female,Own,Single,Close,Low,2,46100,12,41.8
Young,Male,Rent,Single,Close,Low,1,27100,12,26.8
Young,Male,Rent,Married,Far,NA,1,60300,6,125.2
Young,Female,Rent,Single,Close,Low,0,12000,6,14
Middle,Female,Own,Single,Close,Medium,0,48400,12,99.2
Middle,Male,Rent,Single,Close,Medium,0,45600,18,138.8
Middle,Female,Own,Single,Close,Low,2,35200,6,23.3
Middle,Male,Rent,Single,Far,High,0,60200,24,230.4
Middle,Female,Rent,Married,Far,High,1,53900,18,217.7
Middle,Male,Own,Married,Close,NA,2,70400,12,112.7
Young,Male,Rent,Married,Close,Medium,0,36900,18,72.1
Old,Female,Own,Single,Close,Medium,0,36100,12,43.8
Young,Female,Rent,Single,Close,NA,2,11000,18,39.3
Middle,Male,Own,Single,Close,NA,0,61600,18,166.6
Middle,Male,Own,Married,Close,NA,1,88700,18,244.8
Middle,Female,Own,Married,Far,High,1,88600,18,256.3
Middle,Male,Rent,Married,Close,High,0,79500,18,176.3
Young,Female,Rent,Single,Close,Low,1,18900,6,18.4
Old,Female,Own,Single,Close,Low,0,17300,6,16.6
Middle,Female,Rent,Married,Close,NA,2,81400,6,101.4
Young,Male,Rent,Married,Close,Medium,0,36500,24,114
Middle,Female,Own,Single,Close,NA,1,43300,18,102.1
Middle,Male,Own,Married,Close,Medium,1,76700,24,143.1
Middle,Male,Own,Married,Far,High,1,123000,24,587.8
Middle,Male,Own,Single,Close,Low,3,56300,6,32.1
Middle,Male,Own,Married,Close,High,0,70000,24,197.4
Middle,Male,Own,Single,Close,Medium,0,48100,18,164
Young,Female,Rent,Married,Close,NA,0,79400,6,117.5
Middle,Female,Own,Married,Close,Low,3,63700,12,36.4
Young,Male,Rent,Single,Close,NA,0,21200,12,41.7
Middle,Male,Rent,Single,Close,Medium,0,53900,12,106
Old,Female,Own,Married,Close,High,0,118800,18,217.6
Middle,Female,Own,Married,Close,Low,3,79400,6,20
Old,Female,Rent,Single,Far,NA,0,20400,24,51.3
Middle,Male,Rent,Single,Close,NA,0,52400,18,85.7
Old,Female,Own,Single,Close,Low,0,17600,6,22.4
Young,Male,Rent,Single,Close,Low,0,23500,12,37.1
Young,Male,Rent,Married,Close,Low,2,56900,12,68.7
Middle,Male,Own,Married,Close,Medium,2,95100,12,80.9
Middle,Male,Own,Married,Close,Medium,2,119800,24,209
Old,Male,Own,Single,Close,NA,0,58700,24,147.9
Middle,Female,Own,Married,Close,Medium,2,76700,6,53.4
Middle,Male,Own,Married,Close,Medium,1,67600,18,117.2
Middle,Male,Own,Single,Close,Medium,2,61500,24,96.8
Old,Female,Own,Married,Close,High,0,72900,6,75.3
Old,Female,Rent,Single,Close,Low,0,21200,6,24.2
Old,Male,Rent,Single,Close,Low,1,32400,12,51.5
Middle,Female,Own,Married,Close,NA,3,62200,24,211.9
Old,Female,Own,Single,Close,Low,0,24400,6,49.1
Middle,Male,Own,Married,Close,Low,3,66500,12,28.6
Old,Female,Rent,Married,Far,High,0,72200,24,306.9
Young,Female,Rent,Single,Close,NA,2,16900,6,28.1
Young,Male,Rent,Married,Close,NA,0,56300,24,160.8
Old,Female,Own,Single,Far,Medium,0,22000,12,73.6
Young,Female,Rent,Single,Close,Low,2,18800,18,17
Young,Female,Rent,Single,Close,Low,2,26600,24,24.5
Middle,Female,Rent,Married,Close,High,0,72100,24,305.2
Middle,Male,Own,Single,Far,High,0,55600,18,178.6
Young,Female,Rent,Single,Close,Low,3,14600,6,4.7
Old,Male,Own,Married,Close,Medium,0,45900,24,164.5
Young,Female,Own,Single,Close,Low,0,15100,6,27.4
Middle,Male,Own,Married,Close,Medium,3,140700,12,100.1
Middle,Male,Own,Married,Close,High,0,90300,24,194.4
Old,Male,Own,Married,Close,High,0,95900,24,258.5
Young,Male,Rent,Single,Far,NA,0,20800,6,26
Middle,Male,Own,Married,Close,High,0,98400,12,141.4
Young,Female,Rent,Single,Close,NA,2,15000,12,34.1
Young,Male,Rent,Single,Close,Low,1,17700,12,26.8
Middle,Male,Own,Married,Close,High,1,102400,18,123.7
Young,Male,Rent,Single,Far,NA,1,17800,18,58.9
Young,Male,Rent,Single,Far,Low,1,13800,12,36.8
Middle,Female,Rent,Single,Close,Medium,1,50500,12,94
Middle,Female,Rent,Single,Close,Low,3,42000,18,23.2
Middle,Male,Own,Married,Close,Low,3,95800,12,67.8
Young,Male,Rent,Single,Close,NA,0,15200,12,32.4
Young,Male,Rent,Single,Close,Low,2,15800,12,14.7
Old,Male,Own,Single,Close,NA,0,51400,6,69.4
Old,Female,Rent,Married,Close,Medium,0,38200,6,52.6
Middle,Female,Rent,Single,Close,Low,1,39900,12,58.6
Young,Female,Own,Single,Close,NA,2,21600,12,49.1
Old,Female,Own,Married,Close,High,0,65900,24,143.6
Middle,Female,Own,Married,Close,High,1,97500,12,128
Middle,Male,Rent,Married,Far,High,0,63000,18,210.7
Young,Female,Own,Single,Far,NA,0,31900,12,86
Middle,Female,Rent,Single,Far,NA,1,45500,18,162.4
Old,Female,Own,Single,Close,NA,0,12800,12,23
Old,Female,Own,Married,Far,Low,2,12600,12,16.4
Middle,Male,Rent,Single,Close,Low,3,50700,6,15.7
Young,Female,Rent,Single,Close,Low,3,17900,6,6.2
Young,Female,Rent,Single,Close,Low,1,14400,18,22.3
Old,Female,Own,Single,Close,Low,0,23800,6,43.8
Middle,Male,Own,Married,Close,NA,3,84700,24,270.5
Middle,Female,Rent,Single,Close,Low,1,36900,6,37.1
Old,Female,Own,Single,Close,Low,0,20600,6,20.1
Young,Male,Rent,Married,Close,NA,0,41500,24,121.3
Middle,Male,Own,Married,Close,Medium,2,83100,6,58.6
Middle,Male,Own,Married,Far,High,2,88700,24,269.3
Old,Female,Own,Married,Close,Medium,0,54700,24,140.4
Middle,Male,Own,Single,Close,NA,2,68900,18,278.4
Young,Female,Rent,Single,Close,Low,2,22200,18,27.5
Middle,Female,Own,Married,Close,Medium,1,70900,12,79.4
Middle,Male,Own,Single,Close,Medium,0,55900,12,96.4
Middle,Female,Own,Married,Close,NA,1,80800,18,159.8
Middle,Male,Own,Married,Far,High,3,100600,24,283.8
Old,Female,Own,Single,Close,NA,0,39900,6,61.9
Young,Female,Rent,Married,Close,Low,3,71200,12,39.2
Old,Female,Own,Married,Close,NA,0,61000,18,185
Old,Male,Own,Single,Close,NA,0,38700,24,150.6
Middle,Male,Own,Married,Far,NA,0,98900,18,312.6
Middle,Male,Own,Single,Close,NA,0,64300,6,132.5
Middle,Female,Own,Married,Close,NA,0,75600,12,154.1
Young,Female,Rent,Married,Far,High,0,53700,24,249.1
Middle,Male,Own,Single,Close,High,0,66600,18,117.7
Old,Female,Own,Married,Close,High,0,89000,12,148.7
Young,Female,Rent,Single,Far,Low,2,18200,12,32.2
Young,Female,Rent,Married,Close,Medium,1,73600,6,64.7
Middle,Female,Rent,Single,Far,High,0,45600,12,132.2
Young,Male,Own,Married,Close,NA,0,73000,6,153.4
Young,Male,Own,Single,Close,NA,3,29600,12,58.3
Middle,Male,Rent,Married,Close,NA,1,92900,6,170.5
Old,Female,Rent,Single,Far,Low,0,13900,6,19.1
Young,Male,Rent,Married,Close,Low,3,64300,6,23.9
Middle,Male,Own,Married,Close,Medium,2,77100,6,56.8
Young,Female,Own,Single,Close,NA,3,27500,12,57.1
Old,Male,Rent,Married,Close,High,0,81800,6,91.9
Old,Female,Rent,Married,Close,Medium,0,41700,18,139.8
Old,Female,Own,Married,Close,Medium,0,51000,12,102.5
Middle,Male,Rent,Single,Close,Medium,1,55900,12,90.9
Young,Male,Rent,Single,Close,Low,2,19800,12,20.9
Young,Male,Rent,Single,Close,NA,0,17600,6,24.5
Middle,Male,Rent,Married,Far,High,1,84100,24,236.2
Middle,Male,Own,Married,Close,High,0,85600,24,338
Young,Male,Rent,Single,Close,Low,0,13400,18,42.4
Young,Female,Rent,Married,Far,Medium,1,47200,12,127.2
Middle,Male,Own,Married,Close,High,1,96300,24,190.9
Middle,Male,Own,Married,Close,Low,3,60500,12,34
Middle,Female,Own,Single,Close,NA,1,35800,24,135.5
Middle,Male,Rent,Married,Close,Low,3,106100,12,47.2
Young,Male,Rent,Single,Close,Low,0,18000,12,30.3
Middle,Male,Rent,Single,Far,NA,1,50000,6,107.9
Old,Female,Own,Single,Close,Medium,0,58200,18,98.1
Young,Female,Rent,Single,Far,Low,2,13500,12,16
Middle,Female,Own,Married,Close,NA,1,59900,6,61.3
Young,Female,Rent,Single,Far,Low,1,18400,12,66.2
Middle,Male,Rent,Married,Close,Low,3,62800,6,17.7
Middle,Male,Rent,Single,Close,High,0,70000,6,78.5
Young,Female,Rent,Single,Far,NA,1,13600,18,34.9
Middle,Female,Rent,Married,Close,Low,3,97400,6,21.3
Old,Female,Own,Married,Far,Medium,0,37500,18,157.8
Old,Female,Own,Single,Close,Low,0,22800,6,25.8
Young,Female,Rent,Single,Close,NA,0,14200,6,19.2
Young,Male,Rent,Single,Close,Low,0,18700,12,28.9
Middle,Male,Own,Married,Close,High,1,107400,24,182.1
Young,Female,Rent,Single,Far,Medium,0,28900,24,90.5
Middle,Male,Rent,Married,Close,Low,2,38400,6,18.8
Middle,Male,Rent,Single,Close,NA,0,54200,18,140.5
Old,Male,Own,Married,Close,NA,0,102700,18,238.1
Young,Female,Rent,Single,Close,Low,1,13300,6,18.4
Middle,Male,Own,Single,Close,NA,3,60200,12,136.4
Young,Male,Rent,Single,Close,NA,0,21400,12,41.4
Young,Female,Rent,Single,Close,NA,2,21700,6,38.7
Young,Male,Rent,Single,Close,Low,1,23200,24,50.4
Middle,Male,Own,Married,Close,Medium,2,64800,12,57.4
Middle,Male,Rent,Single,Close,Medium,0,55600,6,98.4
Middle,Male,Own,Married,Far,High,0,89500,24,520.9
Young,Female,Rent,Single,Far,NA,1,12500,12,42.2
Middle,Male,Own,Married,Close,High,0,87000,24,159.4
Middle,Female,Rent,Single,Far,NA,3,31200,24,108.7
Young,Female,Rent,Single,Close,NA,1,13700,6,16.3
Middle,Male,Own,Single,Close,Low,3,55500,18,42.7
Middle,Female,Rent,Single,Close,Medium,1,58600,6,62.4
Young,Female,Own,Married,Far,NA,1,55900,6,78.8
Young,Female,Rent,Single,Far,NA,2,13700,24,41.4
Old,Female,Own,Married,Far,High,0,81400,24,300.1
Old,Female,Own,Married,Close,High,0,90500,6,86.3
Middle,Female,Own,Married,Close,NA,1,82200,12,151.7
Middle,Male,Own,Married,Far,NA,3,65400,6,83.6
Middle,Male,Own,Single,Close,High,0,74400,12,115.2
Young,Male,Rent,Married,Far,NA,3,63300,6,140.8
Young,Male,Rent,Married,Far,NA,0,51600,12,108.2
Young,Male,Rent,Married,Far,NA,0,55000,12,116.2
Middle,Female,Own,Single,Close,Low,2,43900,6,35.8
Young,Female,Own,Single,Close,Low,1,20300,12,30.4
Young,Female,Own,Single,Far,NA,0,16300,12,36
Middle,Male,Own,Married,Close,Medium,2,97600,12,116.2
Old,Female,Rent,Single,Far,Low,0,15100,6,34.8
Young,Female,Rent,Single,Close,NA,3,12500,12,20.6
Young,Female,Rent,Single,Close,Low,2,10600,12,11.4
Middle,Female,Own,Single,Close,NA,1,41300,18,93.2
Young,Female,Own,Single,Close,Low,2,27200,18,44.6
Middle,Male,Own,Married,Close,NA,1,102400,12,246.6
Young,Female,Own,Single,Far,NA,1,27900,12,57.6
Old,Male,Rent,Married,Far,NA,0,23800,12,42.8
Middle,Male,Own,Married,Close,High,1,100000,24,224.7
Middle,Female,Rent,Married,Far,Medium,3,43300,24,71.6
Middle,Male,Own,Married,Close,NA,1,65800,12,101.7
Middle,Female,Own,Married,Close,Low,2,49700,18,61.3
Middle,Female,Rent,Married,Close,Medium,2,82300,12,58
Middle,Male,Rent,Single,Close,Medium,0,41200,12,84.1
Young,Male,Rent,Single,Close,Low,0,29200,18,73.7
Middle,Female,Own,Single,Close,NA,2,51900,12,116.2
Middle,Female,Own,Married,Close,Medium,2,85500,18,89.5
Young,Female,Rent,Single,Far,Low,3,12400,18,20.5
Middle,Female,Own,Married,Close,NA,1,111900,12,234
Middle,Female,Rent,Single,Close,Low,1,40400,24,63
Young,Male,Rent,Single,Far,Low,0,10900,24,40.7
Middle,Male,Own,Married,Close,NA,3,82400,18,212.2
Young,Female,Rent,Single,Close,Low,1,13200,12,22.7
Middle,Male,Rent,Single,Close,Medium,0,57800,24,114.9
Old,Female,Own,Married,Close,Medium,1,52200,12,66.9
Middle,Male,Rent,Married,Far,NA,2,64600,24,293.5
Middle,Female,Own,Single,Close,NA,0,43100,24,144.4
Old,Female,Own,Married,Far,Medium,0,40100,12,138.4
Old,Male,Own,Married,Close,NA,0,84500,12,155.7
Old,Male,Rent,Married,Close,Medium,0,34500,12,80.2
Young,Female,Rent,Married,Close,NA,1,61000,18,161.1
Old,Female,Own,Married,Far,NA,0,79300,12,204.7
Middle,Male,Rent,Single,Close,Medium,0,44500,24,117.5
Young,Male,Rent,Married,Close,Medium,0,39700,18,101.1
Old,Female,Own,Single,Close,Low,0,30300,18,106.2
Young,Female,Rent,Single,Close,Low,1,20100,12,27.1
Old,Male,Own,Married,Far,High,0,86500,24,269
Old,Female,Rent,Single,Close,Medium,0,42500,24,91.8
Middle,Male,Own,Married,Close,High,0,102300,24,243.8
Middle,Female,Own,Single,Far,Medium,2,52600,12,130.7
Middle,Female,Rent,Single,Far,NA,2,37800,12,118.5
Young,Female,Rent,Single,Close,Low,2,20300,12,18
Middle,Male,Own,Married,Close,NA,1,71600,12,119.8
Young,Male,Rent,Married,Close,Medium,1,54500,18,100.1
Middle,Male,Rent,Single,Close,Medium,0,54700,24,135.5
Middle,Male,Rent,Single,Far,NA,2,58600,6,98.9
Middle,Male,Rent,Single,Far,High,0,53800,12,180.3
Middle,Female,Own,Married,Close,NA,3,131500,6,284
Middle,Male,Rent,Single,Far,High,0,52200,24,190.9
Young,Male,Rent,Married,Close,Low,1,37200,6,24.7
Young,Male,Rent,Single,Far,NA,1,22900,12,81.4
Young,Male,Rent,Married,Close,Low,3,55500,12,21.6
Young,Female,Rent,Single,Far,NA,1,12800,24,36.5
Young,Female,Rent,Single,Close,Low,2,17600,18,16.3
Old,Female,Own,Single,Far,Medium,0,28300,24,93.3
Old,Male,Own,Single,Close,Medium,0,41900,6,65.4
Young,Female,Rent,Single,Close,NA,3,14100,6,15.3
Middle,Male,Rent,Single,Close,NA,0,52100,12,166.8
Middle,Male,Rent,Single,Far,Medium,1,38700,18,100.9
Middle,Female,Rent,Single,Far,Medium,1,44100,18,165.9
Middle,Male,Own,Married,Far,High,1,79200,6,190.5
Young,Female,Rent,Single,Close,NA,3,22600,6,52.1
Middle,Male,Rent,Single,Close,NA,2,55100,6,82.6
Old,Female,Own,Married,Far,High,0,70400,18,261
Middle,Male,Own,Married,Close,Medium,2,107300,24,119.4
Middle,Female,Rent,Married,Close,NA,1,66500,24,118.1
Young,Male,Rent,Single,Close,NA,0,10200,24,36.2
Young,Female,Own,Single,Far,Medium,1,41000,12,76.8
Middle,Female,Rent,Single,Close,Low,1,26200,12,38.1
Middle,Male,Rent,Married,Far,Medium,3,72200,18,181.1
Middle,Male,Rent,Single,Far,Medium,1,36700,24,121.8
Old,Male,Own,Married,Far,NA,0,74500,18,141.3
Middle,Female,Own,Single,Close,NA,1,60200,12,174.8
Old,Male,Rent,Single,Close,Medium,0,34500,24,63.9
Old,Female,Own,Married,Close,High,0,83700,18,158.2
Young,Male,Rent,Single,Far,NA,1,14800,12,37.6
Middle,Male,Own,Married,Close,NA,0,106400,12,175.7
Young,Female,Rent,Married,Close,Low,3,42000,6,10.5
Middle,Male,Rent,Married,Close,High,0,118800,12,263.1
Young,Female,Own,Single,Far,Low,2,21900,24,48.6
Middle,Male,Rent,Single,Close,NA,1,39500,6,41.2
Middle,Male,Rent,Single,Close,Medium,0,45900,12,71.6
Young,Female,Rent,Married,Close,Low,2,37100,24,65.3
Middle,Female,Rent,Single,Close,Low,1,28200,6,22.4
Middle,Male,Rent,Married,Close,Medium,2,74600,18,70.5
Middle,Male,Own,Married,Close,NA,1,122700,18,498.4
Young,Female,Rent,Single,Close,Low,2,14200,18,19.7
Middle,Male,Own,Married,Far,NA,0,75500,18,245
Middle,Male,Own,Single,Close,NA,0,62900,24,256.1
Young,Male,Rent,Single,Far,Low,0,19400,6,56.3
Middle,Female,Rent,Single,Close,NA,0,46600,12,54.6
Middle,Male,Own,Married,Far,High,1,79700,24,338.4
Middle,Male,Own,Single,Close,Low,2,45900,12,41.6
Old,Female,Own,Married,Close,Medium,0,42800,6,68.5
Old,Male,Own,Married,Far,High,0,65500,24,193.1
Old,Female,Rent,Single,Close,Medium,0,33600,12,57.3
Middle,Female,Own,Single,Far,High,1,55600,18,155.3
Young,Female,Rent,Single,Close,NA,2,24000,6,36.2
Young,Male,Rent,Single,Far,Medium,0,25700,18,90.7
Old,Female,Own,Married,Close,Low,0,21500,18,44.5
Old,Female,Rent,Married,Close,High,0,68600,18,134.2
Young,Female,Rent,Single,Far,Low,2,23100,12,45.7
Middle,Female,Rent,Married,Close,Medium,0,53300,24,159.8
Old,Female,Own,Married,Close,High,0,112800,12,186.1
Old,Male,Own,Married,Close,High,0,124900,18,410.9
Middle,Female,Own,Single,Close,NA,0,72200,18,327.8
Middle,Male,Rent,Single,Close,Low,1,35100,6,42.1
Old,Female,Rent,Single,Close,NA,0,14900,12,27.5
Middle,Male,Rent,Single,Close,High,0,72000,12,147.5
Middle,Male,Own,Married,Close,High,0,82400,18,177.9
Young,Male,Rent,Married,Close,NA,3,41600,24,163.4
Middle,Female,Own,Married,Close,NA,2,68500,12,150
Young,Male,Own,Married,Close,High,0,62200,24,134.8
Old,Female,Own,Single,Close,NA,0,35900,12,96.2
Young,Male,Rent,Single,Close,Low,0,14100,12,32.8
Young,Female,Rent,Married,Close,NA,1,36500,18,74.7
Middle,Female,Own,Married,Close,High,1,86400,12,171.3
Old,Female,Rent,Married,Close,Medium,0,39500,12,100.6
Old,Male,Own,Married,Close,NA,0,85300,12,252.3
Old,Female,Own,Married,Close,High,0,110700,12,245.8
Young,Male,Rent,Single,Far,Low,0,17700,18,74.2
Young,Female,Rent,Married,Far,NA,1,33200,24,163.9
Middle,Female,Own,Single,Close,Medium,0,53800,12,84.3
Old,Male,Rent,Single,Close,Medium,0,44400,18,88.6
Middle,Female,Rent,Married,Close,High,1,135700,24,274.6
Young,Female,Rent,Single,Far,Low,1,20700,12,55
Middle,Male,Rent,Married,Far,High,2,83500,24,209.8
Middle,Female,Rent,Married,Close,Medium,2,84200,24,95.4
Middle,Female,Rent,Married,Close,Medium,1,79900,12,104.1
Old,Female,Rent,Single,Far,Low,0,19700,6,53.5
Middle,Female,Rent,Single,Close,NA,0,35300,18,136.9
Old,Male,Own,Married,Far,High,0,52000,18,254.5
Young,Male,Rent,Single,Close,NA,1,21300,12,32.9
Middle,Male,Own,Single,Close,NA,0,63700,6,135.1
Old,Female,Own,Married,Close,Low,0,25900,18,58.2
Middle,Male,Rent,Married,Close,Medium,2,65800,18,57.8
Old,Female,Rent,Single,Close,NA,0,11000,24,19.5
Old,Female,Rent,Married,Close,High,0,65900,12,77.7
Middle,Female,Own,Married,Close,High,1,108100,12,113.3
Middle,Male,Own,Married,Close,Medium,2,107300,18,156.6
Middle,Female,Rent,Married,Close,High,0,79500,12,165.1
Middle,Female,Rent,Married,Close,NA,0,95900,24,316.8
Middle,Male,Rent,Single,Close,Medium,1,45200,18,69.9
Middle,Male,Own,Married,Close,High,0,98500,18,203.4
Old,Female,Own,Married,Close,High,0,96200,12,145.7
Young,Male,Rent,Single,Close,NA,0,17900,18,39.5
Middle,Male,Own,Married,Close,Medium,0,42700,6,54.1
Middle,Male,Own,Single,Far,High,0,49700,24,284.4
Middle,Female,Rent,Single,Close,Low,3,43000,24,22.5
Young,Female,Rent,Single,Close,Low,1,15500,6,21
Young,Male,Rent,Single,Close,Low,3,13000,6,4.3
Middle,Female,Rent,Single,Close,Low,3,27200,24,24.3
Old,Female,Own,Married,Close,Low,0,26700,24,112
Old,Male,Own,Single,Far,High,0,61000,6,97.5
Middle,Female,Own,Married,Close,NA,3,76600,24,290.4
Middle,Male,Own,Married,Close,Medium,2,117500,12,92.7
Old,Male,Own,Married,Close,High,0,90600,24,316.7
Young,Female,Rent,Single,Far,Low,0,12600,6,24.1
Old,Female,Own,Single,Close,Low,2,12700,6,6.5
Middle,Female,Own,Married,Far,Medium,3,77600,12,85.8
Middle,Female,Rent,Married,Far,NA,1,92400,6,219.1
Old,Female,Rent,Married,Close,High,0,71800,24,194.6
Middle,Male,Own,Married,Far,NA,3,95800,12,258.1
Young,Female,Own,Single,Close,Low,3,32600,12,17.2
Middle,Male,Own,Married,Close,Medium,2,74500,12,82.4
Old,Female,Rent,Single,Close,Low,0,29200,12,55.6
Young,Female,Rent,Single,Far,Low,1,12900,6,16.7
Middle,Male,Rent,Married,Close,High,1,117700,12,210.4
Middle,Female,Own,Married,Close,Medium,1,64100,18,133.2
Middle,Female,Rent,Single,Close,Medium,1,46500,24,82.9
Young,Female,Rent,Single,Close,NA,1,12400,12,22.9
Middle,Male,Own,Married,Far,High,0,130600,18,344.2
Middle,Male,Own,Married,Far,High,0,74400,6,189.3
Old,Female,Own,Single,Far,Medium,2,40600,6,69
Young,Female,Rent,Married,Close,Medium,1,54200,6,48.6
Middle,Male,Own,Single,Far,High,1,65400,12,229
Middle,Male,Rent,Single,Close,NA,0,49100,6,93.4
Young,Female,Rent,Single,Close,NA,2,10600,24,51.7
Young,Female,Rent,Married,Close,NA,0,76400,12,221.6
Middle,Female,Rent,Married,Close,High,1,93700,24,152.1
Middle,Male,Rent,Single,Far,High,0,49000,18,152.3
Middle,Female,Own,Married,Close,High,1,96500,18,136.4
Middle,Male,Own,Single,Close,NA,0,55600,12,95.2
Middle,Male,Own,Married,Close,High,1,99600,6,87.1
Middle,Female,Own,Married,Close,Low,3,79900,12,29.5
Old,Female,Rent,Married,Close,Medium,0,50500,12,64.2
Old,Female,Own,Single,Far,Low,0,16300,6,31.7
Old,Female,Own,Married,Close,Medium,0,49200,12,107.8
Middle,Male,Own,Single,Far,Medium,2,48100,18,96.1
Middle,Male,Own,Single,Far,High,2,61300,24,124.1
Middle,Female,Own,Married,Close,NA,1,72600,18,199.9
Young,Male,Rent,Single,Far,NA,0,19500,24,57.1
Young,Female,Rent,Single,Close,NA,1,17200,12,32.9
Middle,Male,Rent,Single,Far,High,0,51100,24,198.4
Middle,Male,Own,Single,Close,Medium,1,76800,18,106.1
Middle,Male,Own,Single,Far,High,0,60200,12,195.5
Middle,Male,Rent,Single,Close,Low,2,59100,18,58
Old,Female,Own,Single,Close,Medium,0,32500,24,88.3
Middle,Female,Rent,Single,Far,Medium,2,49500,12,119.5
Middle,Male,Own,Married,Close,High,1,109600,12,231.8
Young,Female,Rent,Married,Close,NA,0,47300,6,64
Middle,Male,Rent,Married,Close,High,1,93000,24,264.4
Young,Female,Own,Single,Far,NA,1,32000,24,132
Young,Female,Own,Single,Close,Medium,1,44700,6,50.2
Old,Female,Own,Married,Close,High,0,69400,18,241.9
Middle,Male,Own,Married,Close,Medium,2,64300,6,66.1
Middle,Male,Own,Single,Far,High,0,75400,24,272.3
Middle,Male,Own,Married,Close,High,0,96100,6,158.8
Old,Female,Own,Married,Close,Low,3,118000,12,58.1
Young,Male,Rent,Married,Close,Medium,1,69700,12,143.2
Old,Male,Own,Single,Close,Medium,0,59300,12,92.9
Middle,Female,Rent,Married,Close,Low,3,88600,6,21.2
Middle,Male,Own,Married,Close,High,0,102600,18,254.6
Middle,Male,Rent,Single,Close,NA,0,43700,18,134.4
Old,Female,Own,Married,Close,NA,0,22400,24,94.7
Middle,Male,Rent,Married,Far,NA,1,70500,24,214.5
Middle,Male,Own,Married,Close,Medium,1,54200,6,75.7
Middle,Female,Own,Single,Far,NA,1,25300,6,45.1
Old,Male,Own,Married,Close,High,1,116100,24,297.5
Young,Female,Rent,Single,Close,NA,0,15900,18,40.6
Middle,Female,Own,Single,Close,Low,3,46600,6,15.8
Young,Male,Own,Single,Close,NA,0,23200,24,53.4
Young,Male,Rent,Single,Close,Low,0,18200,12,40.1
Middle,Female,Own,Married,Close,High,1,82700,18,175.3
Young,Female,Rent,Single,Close,Low,0,17000,18,65.9
Middle,Male,Own,Married,Close,Medium,2,83000,6,72.6
Young,Female,Own,Married,Close,NA,1,42400,18,116.6
Old,Male,Own,Single,Close,NA,2,40200,18,119.7
Young,Female,Rent,Single,Far,Low,0,17300,6,41.1
Middle,Female,Own,Married,Close,High,1,109800,24,225.8
Middle,Female,Own,Single,Far,Medium,3,64400,24,191.3
Young,Female,Rent,Single,Far,Medium,1,27600,24,89.3
Young,Female,Rent,Single,Close,NA,1,25100,6,42.1
Middle,Female,Own,Single,Close,NA,3,46300,6,113.8
Old,Female,Own,Married,Far,NA,0,74900,12,180.4
Middle,Male,Own,Single,Close,High,0,67900,18,141.8
Middle,Male,Rent,Married,Close,Medium,2,88500,24,110.4
Middle,Male,Own,Married,Close,NA,3,99200,12,279.6
Old,Female,Own,Married,Close,High,0,62800,18,140.3
Old,Male,Own,Married,Far,High,2,76900,24,323
Middle,Male,Own,Married,Close,NA,3,84100,6,135.2
Old,Female,Own,Married,Close,High,0,77600,18,200.4
Young,Female,Rent,Single,Close,Low,1,19100,18,40.3
Old,Female,Own,Married,Far,High,0,128700,24,399.5
Young,Female,Rent,Single,Far,Low,1,14400,6,39
Old,Male,Rent,Married,Close,Medium,0,49600,6,77
Middle,Female,Rent,Single,Close,NA,0,47000,6,96.3
Young,Female,Rent,Married,Close,Medium,0,36600,6,83.3
Middle,Female,Own,Single,Close,Medium,1,65800,12,86.9
Middle,Male,Rent,Married,Far,Medium,2,52800,12,92.6
Middle,Male,Own,Married,Close,High,0,96500,24,378
Middle,Female,Rent,Married,Close,Medium,1,63500,18,102.3
Middle,Male,Rent,Single,Close,Medium,1,60400,6,79.1
Middle,Male,Own,Married,Close,NA,3,102700,12,147.3
Middle,Male,Own,Married,Close,NA,2,100100,6,159.7
Middle,Male,Rent,Single,Close,Medium,0,54400,6,115
Middle,Male,Rent,Married,Close,Low,3,105600,6,30.4
Old,Female,Own,Married,Far,High,0,57900,12,169.3
Young,Male,Own,Single,Close,Low,3,31500,18,26.9
Middle,Female,Rent,Married,Far,High,1,60100,18,143
Middle,Male,Rent,Married,Close,NA,2,87400,18,272.9
Middle,Male,Own,Married,Close,High,0,117900,6,176
Middle,Male,Own,Single,Close,Medium,1,48800,24,127.1
Middle,Female,Own,Married,Close,Low,3,67900,12,35.6
Old,Male,Rent,Married,Far,NA,0,66200,6,102.4
Middle,Male,Rent,Married,Close,Medium,2,88000,6,52.4
Middle,Male,Rent,Married,Close,High,1,94200,18,121.1
Young,Female,Rent,Single,Close,NA,3,29200,6,63.6
Young,Male,Rent,Single,Far,Low,0,15300,24,64.5
Young,Male,Rent,Single,Far,Low,0,17500,18,47.2
Old,Male,Own,Married,Close,High,0,168800,6,151.2
Middle,Male,Rent,Single,Far,High,0,40200,18,163.4
Young,Male,Rent,Single,Close,Low,3,28400,18,18.2
Middle,Male,Rent,Married,Far,Medium,3,72200,18,104.2
Middle,Female,Own,Single,Far,High,0,55200,18,171.4
Middle,Female,Rent,Single,Close,Medium,0,44600,18,96.6
Middle,Male,Own,Single,Close,Medium,0,58400,12,82.9
Middle,Female,Own,Single,Close,Medium,1,67800,6,68
Old,Female,Own,Single,Close,Low,0,25500,18,63.6
Young,Female,Rent,Single,Far,Low,3,20000,6,18.2
Middle,Male,Rent,Single,Far,NA,1,52600,18,177.3
Middle,Male,Rent,Married,Far,NA,1,97600,12,290.2
Old,Male,Own,Married,Close,Low,0,23400,6,34.8
Middle,Female,Own,Married,Close,Low,3,102500,12,54.8
Middle,Female,Own,Married,Far,High,1,52300,18,203.4
Middle,Male,Rent,Single,Far,High,0,65400,12,229.6
Young,Male,Rent,Single,Close,Low,0,19600,12,39.5
Old,Male,Own,Married,Far,Medium,0,37000,12,85
Young,Female,Rent,Single,Far,NA,0,13200,18,51.2
Middle,Male,Rent,Single,Close,Medium,1,63800,24,162.2
Old,Female,Rent,Single,Far,NA,0,22600,12,86.5
Old,Female,Own,Single,Close,Medium,0,37300,6,67.3
Young,Male,Rent,Single,Far,NA,1,14900,12,42.2
Middle,Female,Own,Single,Close,NA,1,36700,6,52.9
Middle,Male,Own,Single,Close,High,0,63200,24,193.2
Old,Male,Own,Married,Close,High,0,77300,18,185.3
Middle,Male,Rent,Single,Close,NA,1,43100,12,122.4
Middle,Female,Rent,Single,Far,Medium,1,44800,6,66.6
Old,Female,Rent,Married,Close,High,0,70900,24,168.5
Middle,Female,Rent,Single,Far,Medium,0,38200,24,147.6
Young,Female,Rent,Single,Far,Low,1,18400,6,31.9
Middle,Female,Rent,Single,Close,Low,3,40700,18,23.2
Old,Male,Own,Single,Close,High,0,71300,18,154.3
Middle,Female,Rent,Single,Close,Low,2,36400,18,50.6
Young,Male,Rent,Single,Close,Low,0,15400,6,17.2
Middle,Male,Own,Single,Far,Medium,1,39100,12,100.1
Middle,Male,Rent,Single,Close,Medium,0,43800,12,60.6
Young,Male,Rent,Single,Far,Medium,0,25300,12,59.1
Old,Male,Rent,Married,Close,High,0,71800,12,138.9
Middle,Male,Own,Single,Close,High,0,73200,24,217.7
Middle,Male,Own,Married,Far,High,1,79000,18,227.9
Middle,Female,Rent,Married,Close,NA,1,75200,24,270.2
Young,Female,Rent,Single,Close,NA,3,25300,6,51
Old,Female,Own,Married,Close,Medium,0,43600,12,104.7
Middle,Male,Own,Married,Close,Medium,2,83600,6,53.8
Middle,Female,Own,Single,Far,High,0,56200,18,154.6
Young,Male,Rent,Married,Close,Medium,0,45500,6,75.4
Middle,Male,Own,Married,Close,High,1,99300,12,150.4
Middle,Male,Own,Married,Far,High,3,108000,24,184.9
Middle,Female,Own,Married,Far,High,1,84900,24,307.2
Middle,Male,Own,Married,Far,High,3,93000,6,104.6
Middle,Female,Own,Married,Close,High,0,82000,18,180
Old,Female,Own,Single,Close,NA,3,33000,6,70
Middle,Female,Own,Single,Close,Low,2,36900,24,51.4
Middle,Female,Rent,Single,Close,NA,1,33200,6,32
Young,Male,Rent,Married,Close,NA,0,49300,24,169.2
Old,Male,Rent,Married,Far,High,0,66200,24,205.7
Middle,Male,Own,Married,Far,High,2,96800,18,229.9
Old,Male,Own,Single,Close,High,0,63200,24,150.7
Old,Male,Own,Married,Far,High,0,112900,24,621.7
Middle,Female,Rent,Single,Close,Low,2,32100,24,40.5
Middle,Male,Own,Married,Far,High,1,102700,18,378.5
Middle,Male,Own,Married,Close,NA,2,123800,18,353.7
Old,Female,Rent,Single,Far,Low,0,11700,18,54
Middle,Male,Own,Married,Close,NA,1,101700,6,94.1
Middle,Female,Own,Married,Far,High,0,99200,24,550.3
Young,Male,Rent,Single,Close,NA,0,17600,6,27.3
Young,Female,Rent,Single,Close,NA,1,19400,18,38.4
Middle,Male,Rent,Single,Far,NA,1,40500,18,107.3
Old,Male,Own,Single,Close,Medium,0,44800,24,141.7
Middle,Male,Own,Married,Close,Medium,2,79000,18,67.1
Young,Male,Rent,Married,Close,Medium,1,53600,24,97.3
